ID;mu;R
Sun-Earth;0.9999969986516104;1.496E+8;
Earth-Moon;1,22E-02;384467;
Jupiter-Io;384467;421700000;
Venus-Earth;2.447832295887157e-06;107602444.23103774;